{"a": 0.06353240152477764, "b": 0.0, "c": 5.082592121982211, "d": 3.1130876747141043, "e": 7.306226175349428, "f": 4.193138500635324, "g": 2.6048284625158833, "h": 1.1435832274459974, "i": 5.336721728081321, "j": 8.259212198221093, "k": 7.814485387547649, "l": 6.289707750952986, "m": 0.3811944091486658, "n": 0.0, "o": 0.3176620076238882, "p": 0.44472681067344344, "q": 0.06353240152477764, "r": 7.496823379923762, "s": 1.7153748411689964, "t": 4.701397712833545, "u": 3.6213468869123253, "v": 16.96315120711563, "w": 2.096569250317662, "x": 1.2706480304955527, "y": 2.096569250317662, "z": 7.6238881829733165}