{"a": 8.210791637974717, "b": 0.6381955903179285, "c": 2.8461548455831718, "d": 3.4108124261046946, "e": 15.91149453661959, "f": 0.9032442475346576, "g": 0.635077370821261, "h": 0.706536567619889, "i": 7.528421271454, "j": 0.4157625995556537, "k": 0.0015591097483337016, "l": 5.410370678342667, "m": 2.6728338118934087, "n": 6.4087206205256795, "o": 4.592097912092195, "p": 2.6216430418231194, "q": 1.4808944092922942, "r": 5.821196097028597, "s": 6.9432354125794165, "t": 7.032104668234439, "u": 6.293086647524264, "v": 1.8083074564423713, "w": 0.13564254810503204, "x": 0.31182194966674026, "y": 0.24088245611755688, "z": 0.15695038133225928}