{"a": 2.614727854855923, "b": 0.05336179295624333, "c": 6.189967982924227, "d": 1.44076840981857, "e": 1.4941302027748131, "f": 0.16008537886872998, "g": 8.164354322305229, "h": 7.790821771611527, "i": 13.927427961579507, "j": 11.419423692636073, "k": 0.42689434364994666, "l": 6.08324439701174, "m": 1.9743863393810033, "n": 3.2017075773745995, "o": 0.5336179295624333, "p": 0.9071504802561365, "q": 1.4941302027748131, "r": 0.16008537886872998, "s": 1.0138740661686232, "t": 1.1739594450373532, "u": 8.591248665955176, "v": 0.26680896478121663, "w": 9.818569903948772, "x": 0.0, "y": 8.057630736392744, "z": 3.04162219850587}